{
  "994702353552@c.us": {
    "summary": "Salam! PierringShot Electronics sizə kömək etməyə hazırdır. \"O nedi?\" sualını gördüm. Əgər sifariş nömrənizi və ya göndəriş kodunuzu soruşursunuzsa, zəhmət olmasa, daha əvvəl sifariş etdiyiniz məhsulun detallarını yoxlayaraq məlumat ala bilərsiniz. Əgər sifariş nömrənizi xatırlamırsınızsa, qeydiyyat zamanı istifadə etdiyiniz telefon nömrənizi mənimlə bölüşün, beləliklə məlumatı tapa bilərəm. Növbəti addım üçün sifariş nömrənizi və ya telefon nömrənizi gözləyirəm.",
    "updatedAt": "2025-09-23T15:31:08.523Z"
  },
  "994702053552@c.us": {
    "summary": "Müştəri ilə əlaqə yaratmağa çalışmaq və problemi dəqiqləşdirmək. Müştəri qarışıq və anlaşılmaz mesajlar göndərdiyi üçün, aydın şəkildə sualını və ya problemini ifadə etməsi üçün dəvət etmək. Növbəti addım olaraq, müştərinin mesajlarına cavab olaraq, əlaqə yaratmağa davam etmək və ya müştəri ilə əlaqəni kəsib, növbəti iş saatında geri dönmək.",
    "updatedAt": "2025-09-20T12:09:20.015Z"
  },
  "994702255235@c.us": {
    "summary": "Müştəri agentin təklif etdiyi kateqoriyalardan (təmir, qiymət, ünvan, görüş) birini seçməkdə çətinlik çəkir və söhbət əsnasında əsəbi və anlaşılmaz cavablar verir. Agent isə davamlı olaraq “greeting, price quote, technical issue” kimi mövzuları təsdiqləməsini tələb edir, ancaq müştəri konkret bir sorğu təqdim etmir. Bu səbəbdən əsas istək hələ də müəyyən edilməyib – müştərinin hansı dəstəyə ehtiyacı olduğu aydın deyil. Növbəti addım: müştəridən konkret olaraq “",
    "updatedAt": "2025-11-24T21:58:50.653Z"
  }
}