{
  "994702053552@c.us": {
    "autoResponses": {
      "greetingSentAt": "2025-09-19T19:50:23.033Z",
      "lastAwayMessageAt": "2025-09-20T12:08:59.408Z",
      "lastEvaluatedAt": "2025-09-20T12:08:59.408Z"
    },
    "chatId": "994702053552@c.us",
    "updatedAt": "2025-09-20T12:08:59.409Z"
  },
  "994702353552@c.us": {
    "autoResponses": {
      "greetingSentAt": "2025-09-19T23:37:33.264Z",
      "lastAwayMessageAt": "2025-11-10T00:13:45.204Z",
      "lastEvaluatedAt": "2025-11-10T00:13:45.204Z"
    },
    "chatId": "994702353552@c.us",
    "updatedAt": "2025-11-10T00:13:45.217Z"
  },
  "994556816171@c.us": {
    "autoResponses": {
      "greetingSentAt": "2025-09-23T13:39:03.256Z",
      "lastEvaluatedAt": "2025-09-23T13:39:03.256Z"
    },
    "chatId": "994556816171@c.us",
    "updatedAt": "2025-09-23T13:39:03.260Z"
  },
  "994557749967@c.us": {
    "autoResponses": {
      "greetingSentAt": "2025-09-23T13:39:03.888Z",
      "lastEvaluatedAt": "2025-09-23T13:39:03.888Z"
    },
    "chatId": "994557749967@c.us",
    "updatedAt": "2025-09-23T13:39:03.891Z"
  },
  "994557789836@c.us": {
    "autoResponses": {
      "greetingSentAt": "2025-11-10T10:21:10.496Z",
      "lastEvaluatedAt": "2025-11-10T10:21:10.496Z"
    },
    "chatId": "994557789836@c.us",
    "updatedAt": "2025-11-10T10:21:10.498Z"
  },
  "994515988887@c.us": {
    "autoResponses": {
      "greetingSentAt": "2025-11-12T11:20:42.834Z",
      "lastEvaluatedAt": "2025-11-12T11:20:42.834Z"
    },
    "chatId": "994515988887@c.us",
    "updatedAt": "2025-11-12T11:20:42.837Z"
  },
  "994702255235@c.us": {
    "autoResponses": {
      "greetingSentAt": "2025-11-24T21:50:16.027Z",
      "lastAwayMessageAt": "2025-11-24T21:50:16.027Z",
      "lastEvaluatedAt": "2025-11-24T21:50:16.027Z"
    },
    "chatId": "994702255235@c.us",
    "updatedAt": "2025-11-24T21:50:16.049Z"
  },
  "994554466980@c.us": {
    "autoResponses": {
      "greetingSentAt": "2025-11-24T23:43:28.648Z",
      "lastAwayMessageAt": "2025-11-26T00:25:30.266Z",
      "lastEvaluatedAt": "2025-11-26T00:25:30.266Z",
      "lastSignature": "e085c6849e81f49e9f00dd08bdc7e3df29f1d5a1"
    },
    "chatId": "994554466980@c.us",
    "updatedAt": "2025-11-26T00:25:30.284Z"
  }
}