{
  "PS-250725-Q4YS": {
    "lead_id": "PS-250725-Q4YS",
    "customer_phone": "994554466980@c.us",
    "status": "yeni",
    "created_at": "2025-07-25T08:37:09.606Z",
    "updated_at": "2025-07-25T08:37:09.606Z",
    "notes": []
  },
  "PS-250725-E1AB": {
    "lead_id": "PS-250725-E1AB",
    "customer_phone": "994702353552@c.us",
    "status": "yeni",
    "created_at": "2025-07-25T09:14:28.150Z",
    "updated_at": "2025-07-25T09:14:28.150Z",
    "notes": []
  },
  "PS-250728-HJTO": {
    "lead_id": "PS-250728-HJTO",
    "customer_phone": "994998440496@c.us",
    "status": "yeni",
    "created_at": "2025-07-28T05:35:57.710Z",
    "updated_at": "2025-07-28T05:35:57.710Z",
    "notes": []
  },
  "PS-250917-ZT1U": {
    "lead_id": "PS-250917-ZT1U",
    "customer_phone": "905431674582@c.us",
    "status": "yeni",
    "created_at": "2025-09-17T08:20:42.135Z",
    "updated_at": "2025-09-17T08:20:42.135Z",
    "notes": []
  },
  "PS-250917-ZQD0": {
    "lead_id": "PS-250917-ZQD0",
    "customer_phone": "994702053552@c.us",
    "status": "yeni",
    "created_at": "2025-09-17T08:20:42.196Z",
    "updated_at": "2025-09-17T08:20:42.196Z",
    "notes": []
  },
  "PS-250923-0T3D": {
    "lead_id": "PS-250923-0T3D",
    "customer_phone": "994556816171@c.us",
    "status": "yeni",
    "created_at": "2025-09-23T13:39:03.250Z",
    "updated_at": "2025-09-23T13:39:03.250Z",
    "notes": []
  },
  "PS-250923-OJR1": {
    "lead_id": "PS-250923-OJR1",
    "customer_phone": "994557749967@c.us",
    "status": "yeni",
    "created_at": "2025-09-23T13:39:03.886Z",
    "updated_at": "2025-09-23T13:39:03.886Z",
    "notes": []
  },
  "PS-251110-YSZC": {
    "lead_id": "PS-251110-YSZC",
    "customer_phone": "994557789836@c.us",
    "status": "yeni",
    "created_at": "2025-11-10T10:21:10.491Z",
    "updated_at": "2025-11-10T10:21:10.491Z",
    "notes": []
  },
  "PS-251112-BX7Q": {
    "lead_id": "PS-251112-BX7Q",
    "customer_phone": "994515988887@c.us",
    "status": "yeni",
    "created_at": "2025-11-12T11:20:42.820Z",
    "updated_at": "2025-11-12T11:20:42.820Z",
    "notes": []
  },
  "PS-251125-OBSY": {
    "lead_id": "PS-251125-OBSY",
    "customer_phone": "994702255235@c.us",
    "status": "yeni",
    "created_at": "2025-11-24T21:50:15.995Z",
    "updated_at": "2025-11-24T21:50:15.995Z",
    "notes": []
  }
}
