[
  {
    "id": "P-5001",
    "name": "WhatsCore Growth Suite",
    "description": "Bundled automations, KPIs, and scripts to launch a sales-ready WhatsApp funnel in one week.",
    "category": "Automation",
    "price": 329.0,
    "stock": 18,
    "tags": "automation,funnel,launch"
  },
  {
    "id": "P-5002",
    "name": "Predictive Lead Scoring Add-On",
    "description": "Groq-powered scoring model with adjustable weights for intent, recency, and catalog interest.",
    "category": "Analytics",
    "price": 149.0,
    "stock": 32,
    "tags": "leads,analytics,scoring"
  },
  {
    "id": "P-5003",
    "name": "Automated Warranty Tracker",
    "description": "Structured data templates and follow-up flows for post-sale warranty check-ins and renewals.",
    "category": "Customer Success",
    "price": 94.0,
    "stock": 45,
    "tags": "warranty,retention,followup"
  },
  {
    "id": "P-5004",
    "name": "Multilingual Reply Pack",
    "description": "Library of AZ/EN/RU quick replies with tone variants for sales, support, and logistics scenarios.",
    "category": "Content Assets",
    "price": 69.0,
    "stock": 58,
    "tags": "templates,multilingual,responses"
  },
  {
    "id": "P-5005",
    "name": "AI Quality Assurance Monitor",
    "description": "Real-time monitoring dashboards that flag off-brand replies and escalate to human reviewers.",
    "category": "Governance",
    "price": 199.0,
    "stock": 15,
    "tags": "qa,monitoring,compliance"
  },
  {
    "id": "P-5006",
    "name": "Field Service Dispatch Pack",
    "description": "Drag-and-drop boards, SLA timers, and WhatsApp alerts for coordinating on-site technicians.",
    "category": "Operations",
    "price": 259.0,
    "stock": 22,
    "tags": "dispatch,field-service,sla"
  },
  {
    "id": "P-5007",
    "name": "Customer Sentiment Radar",
    "description": "Streaming sentiment scoring with alert thresholds for churn-risk conversations.",
    "category": "Analytics",
    "price": 189.0,
    "stock": 27,
    "tags": "sentiment,alerts,churn"
  },
  {
    "id": "P-5008",
    "name": "WhatsApp Billing Bridge",
    "description": "Secure payment links, invoice templates, and reconciliation hooks for accounting suites.",
    "category": "Payments",
    "price": 139.0,
    "stock": 34,
    "tags": "billing,invoicing,finance"
  },
  {
    "id": "P-5009",
    "name": "Self-Serve Returns Flow",
    "description": "Guided return and exchange automation with logistics label generation and warehouse alerts.",
    "category": "Customer Success",
    "price": 118.0,
    "stock": 41,
    "tags": "returns,automation,logistics"
  },
  {
    "id": "P-5010",
    "name": "Live Agent Assist Overlay",
    "description": "Side-by-side snippets, objection handlers, and order lookups for hybrid agent workflows.",
    "category": "Agent Enablement",
    "price": 174.0,
    "stock": 26,
    "tags": "assist,playbooks,agents"
  }
]