[
  {
    "id": "S-301",
    "name": "Full-Funnel Launch Sprint",
    "description": "Five-day implementation stream covering WhatsApp provisioning, knowledge base sync, and go-live coaching.",
    "category": "Implementation",
    "price": 690.0,
    "duration": 120,
    "tags": "launch,onboarding,training"
  },
  {
    "id": "S-302",
    "name": "LLM Response Calibration",
    "description": "Hands-on tuning session to align assistant_prompt.js with current promo, tone, and escalation rules.",
    "category": "Optimization",
    "price": 220.0,
    "duration": 6,
    "tags": "prompting,governance,copy"
  },
  {
    "id": "S-303",
    "name": "Catalog Sync Workshop",
    "description": "Data cleanup and mapping workshop to ensure products.json and services.json stay aligned with ERP exports.",
    "category": "Data Ops",
    "price": 180.0,
    "duration": 8,
    "tags": "catalog,data,ops"
  },
  {
    "id": "S-304",
    "name": "Incident Recovery Drill",
    "description": "Simulated outage exercise to validate session reset, pm2 restart, and customer notification playbooks.",
    "category": "Resilience",
    "price": 260.0,
    "duration": 10,
    "tags": "recovery,drill,resilience"
  },
  {
    "id": "S-305",
    "name": "WhatsApp Commerce Audit",
    "description": "Deep-dive audit of conversation metrics, conversion leaks, and compliance gaps with actionable roadmap.",
    "category": "Advisory",
    "price": 340.0,
    "duration": 14,
    "tags": "audit,commerce,strategy"
  },
  {
    "id": "S-306",
    "name": "Groq Key Hygiene Review",
    "description": "Credential audit, rotation policy setup, and check_groq_keys.js handoff to platform operators.",
    "category": "Security",
    "price": 210.0,
    "duration": 5,
    "tags": "groq,security,credentials"
  },
  {
    "id": "S-307",
    "name": "Buffer Resilience Test",
    "description": "Simulated chat/media bursts validating fallback responses, retries, and user notifications.",
    "category": "QA",
    "price": 240.0,
    "duration": 8,
    "tags": "buffer,testing,resilience"
  },
  {
    "id": "S-308",
    "name": "Commerce Copy Sprint",
    "description": "Two-day copy lab refreshing prompts, quick replies, and upsell scripts for seasonal campaigns.",
    "category": "Content",
    "price": 320.0,
    "duration": 16,
    "tags": "copy,seasonal,commerce"
  },
  {
    "id": "S-309",
    "name": "Support Playbook Localization",
    "description": "Localization run for AZ/EN/RU handoffs, macros, and escalation trees inside WhatsApp flows.",
    "category": "Localization",
    "price": 280.0,
    "duration": 12,
    "tags": "support,localization,training"
  },
  {
    "id": "S-310",
    "name": "PM2 Operations Shadowing",
    "description": "Embedded mentoring session covering start.sh usage, log triage, and uptime dashboards.",
    "category": "Operations",
    "price": 260.0,
    "duration": 14,
    "tags": "pm2,operations,training"
  }
]