[
  {
    "type": "chat",
    "content": "Salam",
    "sender": "user",
    "quotedMsgId": null,
    "messageId": "false_994554466980@c.us_AC30E6FB3A8DA6A6770E1E657F395A28",
    "timestamp": 1764116730255
  },
  {
    "type": "chat",
    "content": "Nevesen",
    "sender": "user",
    "quotedMsgId": null,
    "messageId": "false_994554466980@c.us_ACAC6AC9A29686C2037B033972657799",
    "timestamp": 1764116731693
  },
  {
    "type": "text",
    "content": "⏳ Hey qardaş! Hazırda Bakı vaxtı ilə 04:25-dir və Elvin Ağayev AKM-də növbədən kənardadır. Servis komandasının növbəti canlı cavab pəncərəsi Cümə axşamı 09:00-da açılacaq. Adınızı və problemi buraxın, növbəti iş saatında mesajınıza geri dönəcəyik. Təcili təmir üçün Gənclik laboratoriyamız açılan kimi sıraya salınacaqsınız.",
    "sender": "assistant",
    "quotedMsgId": "false_994554466980@c.us_AC30E6FB3A8DA6A6770E1E657F395A28",
    "messageId": "true_994554466980@c.us_3EB0A106520F0D92C91EB1",
    "timestamp": 1764116732410
  },
  {
    "type": "text",
    "content": "Dəqiq yardım üçün təsdiqləyin: greeting, price quote, technical issue mövzusunda danışırsınız, yoxsa başqa bir mövzu?",
    "sender": "assistant",
    "quotedMsgId": "false_994554466980@c.us_ACAC6AC9A29686C2037B033972657799",
    "messageId": "true_994554466980@c.us_3EB0F9BAB688420BAD1EAF",
    "timestamp": 1764116735090
  },
  {
    "type": "text",
    "content": "**Salam, qardaş!** PierringShot Electronics™ yanındadır 😊. Necə kömək edə bilərik?\n\n1️⃣ **🔧 Təmir lazımdır**  \n2️⃣ **💻 Məhsul qiymətləri**  \n3️⃣ **📍 Ünvan & çatdırılma**  \n4️⃣ **📆 Görüş təyin et**\n\nZəhmət olmasa, probleminizi qısa şəkildə izah edin və ya yuxarıdakı kodlardan birini seçin, dərhal plan quraq.",
    "sender": "assistant",
    "quotedMsgId": "false_994554466980@c.us_AC30E6FB3A8DA6A6770E1E657F395A28",
    "messageId": "true_994554466980@c.us_3EB05BF6EF5682541A4A26",
    "timestamp": 1764116763216
  }
]